variable,subset,n,shapiro_W,p,verdict
MOS,all,216,0.9338900236406231,2.6405277435780296e-08,NON-normal
resid:claude,all,216,0.9956490814582721,0.8004368158607242,normal
resid:gemini,all,216,0.9879416966546768,0.0653519765898619,normal
resid:gpt,all,216,0.9740242592203792,0.0005119418334974697,NON-normal
resid:vmaf,all,216,0.9732277914723187,0.0003987820028723702,NON-normal
resid:psnr,all,216,0.9832959155677197,0.011784317649912753,NON-normal
resid:ssim,all,216,0.9442344236561381,2.226005773746681e-07,NON-normal
resid:lpips,all,216,0.9683575931910852,9.21267685783011e-05,NON-normal
